Page URL,Source,Followers,Date,Time,Time Zone,Post Type,Interactions,Post Message,Post Link
Facebook.com/Txrebels,Heart of Texas,160596,2016-12-14,18:15:00 , GMT-0500,Facebook,148916,,https://www.facebook.com/txrebels/posts/1073959529392536
Facebook.com/Txrebels,Heart of Texas,240598,2017-07-24,22:00:00 , GMT-0400,Facebook,110640,,https://www.facebook.com/txrebels/posts/1295547340567086
Facebook.com/Txrebels,Heart of Texas,249470,2017-08-21,18:30:00 , GMT-0400,Facebook,79548,,https://www.facebook.com/txrebels/posts/1325150370940116
Facebook.com/Txrebels,Heart of Texas,202767,2017-04-12,16:00:00 , GMT-0400,Facebook,64311,,https://www.facebook.com/txrebels/posts/1188651411256680
Facebook.com/Txrebels,Heart of Texas,164245,2016-12-26,18:30:00 , GMT-0500,Facebook,44176,,https://www.facebook.com/txrebels/posts/1084070288381460
Facebook.com/Txrebels,Heart of Texas,185339,2017-02-27,17:30:00 , GMT-0500,Facebook,43094,,https://www.facebook.com/txrebels/posts/1144266829028472
Facebook.com/Txrebels,Heart of Texas,249618,2017-08-22,16:30:00 , GMT-0400,Facebook,40349,,https://www.facebook.com/txrebels/posts/1326086440846509
Facebook.com/Txrebels,Heart of Texas,191008,2017-03-10,15:59:00 , GMT-0500,Facebook,37444,,https://www.facebook.com/txrebels/posts/1154388784682943
Facebook.com/Txrebels,Heart of Texas,202767,2017-04-12,16:59:00 , GMT-0400,Facebook,34255,,https://www.facebook.com/txrebels/posts/1188652414589913
Facebook.com/Txrebels,Heart of Texas,225723,2017-06-14,18:30:00 , GMT-0400,Facebook,33849,,https://www.facebook.com/txrebels/posts/1254079924713828
Facebook.com/Txrebels,Heart of Texas,229567,2017-06-17,19:00:00 , GMT-0400,Facebook,32665,,https://www.facebook.com/txrebels/posts/1255181941270293
Facebook.com/Txrebels,Heart of Texas,225270,2017-06-13,16:59:00 , GMT-0400,Facebook,27492,,https://www.facebook.com/txrebels/posts/1252951561493331
Facebook.com/Txrebels,Heart of Texas,200756,2017-04-03,20:08:00 , GMT-0400,Facebook,26945,,https://www.facebook.com/txrebels/posts/1173086739479814
Facebook.com/Txrebels,Heart of Texas,192166,2017-03-14,19:00:00 , GMT-0400,Facebook,24203,,https://www.facebook.com/txrebels/posts/1158601674261654
Facebook.com/Txrebels,Heart of Texas,247358,2017-08-14,16:30:00 , GMT-0400,Facebook,23338,,https://www.facebook.com/txrebels/posts/1317106205077866
Facebook.com/Txrebels,Heart of Texas,174651,2017-01-30,15:59:00 , GMT-0500,Facebook,23231,,https://www.facebook.com/txrebels/posts/1117908731664282
Facebook.com/Txrebels,Heart of Texas,177366,2017-02-06,17:00:00 , GMT-0500,Facebook,22410,,https://www.facebook.com/txrebels/posts/1125422947579527
Facebook.com/Txrebels,Heart of Texas,244655,2017-08-03,14:00:00 , GMT-0400,Facebook,21662,,https://www.facebook.com/txrebels/posts/1306111196177367
Facebook.com/Txrebels,Heart of Texas,222325,2017-05-31,19:31:00 , GMT-0400,Facebook,20360,,https://www.facebook.com/txrebels/posts/1237694026352418
Facebook.com/Txrebels,Heart of Texas,237156,2017-07-13,18:30:00 , GMT-0400,Facebook,19754,,https://www.facebook.com/txrebels/posts/1283693765085777
Facebook.com/Txrebels,Heart of Texas,225116,2017-06-12,18:00:00 , GMT-0400,Facebook,19559,,https://www.facebook.com/txrebels/posts/1248375678617586
Facebook.com/Txrebels,Heart of Texas,181187,2017-02-16,15:00:11 , GMT-0500,Facebook,17080,,https://www.facebook.com/txrebels/posts/1134045593383929
Facebook.com/Txrebels,Heart of Texas,169901,2017-01-11,15:00:00 , GMT-0500,Facebook,16860,,https://www.facebook.com/txrebels/posts/1097355633719592
Facebook.com/Txrebels,Heart of Texas,236610,2017-07-11,18:01:00 , GMT-0400,Facebook,16375,,https://www.facebook.com/txrebels/posts/1281924498596037
Facebook.com/Txrebels,Heart of Texas,178061,2017-02-08,15:59:04 , GMT-0500,Facebook,15772,,https://www.facebook.com/txrebels/posts/1127303444058144
Facebook.com/Txrebels,Heart of Texas,194385,2017-03-23,19:32:14 , GMT-0400,Facebook,14695,,https://www.facebook.com/txrebels/posts/1166891013432720
Facebook.com/Txrebels,Heart of Texas,222446,2017-06-01,18:30:00 , GMT-0400,Facebook,14516,,https://www.facebook.com/txrebels/posts/1238726072915880
Facebook.com/Txrebels,Heart of Texas,246175,2017-08-09,20:00:00 , GMT-0400,Facebook,14409,,https://www.facebook.com/txrebels/posts/1312136658908154
Facebook.com/Txrebels,Heart of Texas,181540,2017-02-17,15:59:00 , GMT-0500,Facebook,14286,,https://www.facebook.com/txrebels/posts/1135125506609271
Facebook.com/Txrebels,Heart of Texas,195421,2017-03-24,19:23:00 , GMT-0400,Facebook,13741,,https://www.facebook.com/txrebels/posts/1167857960002692
Facebook.com/Txrebels,Heart of Texas,246612,2017-08-11,20:00:00 , GMT-0400,Facebook,13448,,https://www.facebook.com/txrebels/posts/1314027772052376
Facebook.com/Txrebels,Heart of Texas,180884,2017-02-15,18:31:00 , GMT-0500,Facebook,13418,,https://www.facebook.com/txrebels/posts/1132997076822114
Facebook.com/Txrebels,Heart of Texas,211767,2017-04-21,19:30:00 , GMT-0400,Facebook,13068,,https://www.facebook.com/txrebels/posts/1200731400048681
Facebook.com/Txrebels,Heart of Texas,215317,2017-05-01,18:00:00 , GMT-0400,Facebook,13044,,https://www.facebook.com/txrebels/posts/1203135436474944
Facebook.com/Txrebels,Heart of Texas,232375,2017-06-23,16:00:00 , GMT-0400,Facebook,13027,,https://www.facebook.com/txrebels/posts/1263490710439416
Facebook.com/Txrebels,Heart of Texas,197903,2017-03-27,16:59:00 , GMT-0400,Facebook,12853,,https://www.facebook.com/txrebels/posts/1170774949710993
Facebook.com/Txrebels,Heart of Texas,224132,2017-06-09,18:00:00 , GMT-0400,Facebook,12829,,https://www.facebook.com/txrebels/posts/1248362688618885
Facebook.com/Txrebels,Heart of Texas,186855,2017-03-02,15:59:00 , GMT-0500,Facebook,12821,,https://www.facebook.com/txrebels/posts/1146904502098038
Facebook.com/Txrebels,Heart of Texas,233349,2017-06-27,21:00:00 , GMT-0400,Facebook,12427,,https://www.facebook.com/txrebels/posts/1267423936712760
Facebook.com/Txrebels,Heart of Texas,189984,2017-03-08,15:59:00 , GMT-0500,Facebook,12300,,https://www.facebook.com/txrebels/posts/1151237011664787
Facebook.com/Txrebels,Heart of Texas,217785,2017-05-10,19:00:00 , GMT-0400,Facebook,12233,,https://www.facebook.com/txrebels/posts/1218597028262118
Facebook.com/Txrebels,Heart of Texas,189051,2017-03-06,17:00:01 , GMT-0500,Facebook,12085,,https://www.facebook.com/txrebels/posts/1150332201755268
Facebook.com/Txrebels,Heart of Texas,245271,2017-08-06,20:00:00 , GMT-0400,Facebook,12058,,https://www.facebook.com/txrebels/posts/1307221946066292
Facebook.com/Txrebels,Heart of Texas,224132,2017-06-09,19:00:00 , GMT-0400,Facebook,12044,,https://www.facebook.com/txrebels/posts/1248363221952165
Facebook.com/Txrebels,Heart of Texas,215476,2017-05-02,19:03:00 , GMT-0400,Facebook,11902,,https://www.facebook.com/txrebels/posts/1203146729807148
Facebook.com/Txrebels,I Love Texas,373495,2017-06-15,7:36:51 , GMT-0400,Facebook,11581,,https://www.facebook.com/ilovethegreatstateoftexas/posts/1314102018659169
Facebook.com/Txrebels,Heart of Texas,194687,2017-03-24,19:00:00 , GMT-0400,Facebook,11417,,https://www.facebook.com/txrebels/posts/1167857043336117
Facebook.com/Txrebels,Heart of Texas,211510,2017-04-20,18:00:00 , GMT-0400,Facebook,11302,,https://www.facebook.com/txrebels/posts/1199359873519167
Facebook.com/Txrebels,I Love Texas,373495,2017-06-15,7:37:11 , GMT-0400,Facebook,11142,,https://www.facebook.com/ilovethegreatstateoftexas/posts/1314102145325823
Facebook.com/Txrebels,Heart of Texas,215610,2017-05-03,20:07:00 , GMT-0400,Facebook,11125,,https://www.facebook.com/txrebels/posts/1203151906473297
Facebook.com/Txrebels,Heart of Texas,183464,2017-02-22,18:00:01 , GMT-0500,Facebook,11007,,https://www.facebook.com/txrebels/posts/1138880886233733
Facebook.com/Txrebels,Heart of Texas,221630,2017-05-27,18:29:00 , GMT-0400,Facebook,10946,,https://www.facebook.com/txrebels/posts/1230310887090732
Facebook.com/Txrebels,I Love Texas,362927,2017-04-12,17:01:12 , GMT-0400,Facebook,10855,,https://www.facebook.com/ilovethegreatstateoftexas/posts/1253624298040275
Facebook.com/Txrebels,Heart of Texas,245271,2017-08-05,20:00:00 , GMT-0400,Facebook,10402,,https://www.facebook.com/txrebels/posts/1307217126066774
Facebook.com/Txrebels,Heart of Texas,246612,2017-08-11,18:00:00 , GMT-0400,Facebook,10304,,https://www.facebook.com/txrebels/posts/1314016362053517
Facebook.com/Txrebels,Heart of Texas,199162,2017-03-29,16:00:00 , GMT-0400,Facebook,10296,,https://www.facebook.com/txrebels/posts/1172998256155329
Facebook.com/Txrebels,Heart of Texas,213056,2017-04-24,18:00:00 , GMT-0400,Facebook,10231,,https://www.facebook.com/txrebels/posts/1204008823054272
Facebook.com/Txrebels,Heart of Texas,217785,2017-05-10,18:00:00 , GMT-0400,Facebook,10161,,https://www.facebook.com/txrebels/posts/1218596004928887
Facebook.com/Txrebels,Heart of Texas,196759,2017-03-26,19:00:00 , GMT-0400,Facebook,10103,,https://www.facebook.com/txrebels/posts/1167865736668581
Facebook.com/Txrebels,Heart of Texas,189458,2017-03-07,15:59:00 , GMT-0500,Facebook,9868,,https://www.facebook.com/txrebels/posts/1151232194998602
Facebook.com/Txrebels,Heart of Texas,248065,2017-08-16,18:30:00 , GMT-0400,Facebook,9863,,https://www.facebook.com/txrebels/posts/1319780364810450
Facebook.com/Txrebels,Heart of Texas,248568,2017-08-17,18:30:00 , GMT-0400,Facebook,9724,,https://www.facebook.com/txrebels/posts/1320788158043004
Facebook.com/Txrebels,Heart of Texas,164428,2016-12-27,18:30:00 , GMT-0500,Facebook,9611,,https://www.facebook.com/txrebels/posts/1084820848306404
Facebook.com/Txrebels,Heart of Texas,183745,2017-02-23,15:59:00 , GMT-0500,Facebook,9428,,https://www.facebook.com/txrebels/posts/1138882782900210
Facebook.com/Txrebels,Heart of Texas,244655,2017-08-03,15:00:00 , GMT-0400,Facebook,9372,,https://www.facebook.com/txrebels/posts/1306149882840165
Facebook.com/Txrebels,Heart of Texas,244655,2017-08-03,18:00:00 , GMT-0400,Facebook,9347,,https://www.facebook.com/txrebels/posts/1306151142840039
Facebook.com/Txrebels,Heart of Texas,170235,2017-01-12,14:55:00 , GMT-0500,Facebook,9239,,https://www.facebook.com/txrebels/posts/1098382056950283
Facebook.com/Txrebels,Heart of Texas,168668,2017-01-07,15:00:00 , GMT-0500,Facebook,9140,,https://www.facebook.com/txrebels/posts/1085631604891995
Facebook.com/Txrebels,Heart of Texas,193568,2017-03-20,16:59:02 , GMT-0400,Facebook,9082,,https://www.facebook.com/txrebels/posts/1163869200401568
Facebook.com/Txrebels,Heart of Texas,185692,2017-02-28,17:00:03 , GMT-0500,Facebook,9031,,https://www.facebook.com/txrebels/posts/1145202438934911
Facebook.com/Txrebels,Heart of Texas,159148,2016-12-06,15:40:00 , GMT-0500,Facebook,8871,,https://www.facebook.com/txrebels/posts/1065336826921473
Facebook.com/Txrebels,Heart of Texas,245850,2017-08-08,15:30:00 , GMT-0400,Facebook,8838,,https://www.facebook.com/txrebels/posts/1311140472341106
Facebook.com/Txrebels,Heart of Texas,237521,2017-07-13,19:28:00 , GMT-0400,Facebook,8530,,https://www.facebook.com/txrebels/posts/1283707328417754
Facebook.com/Txrebels,Heart of Texas,192820,2017-03-17,20:00:01 , GMT-0400,Facebook,8355,,https://www.facebook.com/txrebels/posts/1161189330669555
Facebook.com/Txrebels,Heart of Texas,200986,2017-04-04,20:11:00 , GMT-0400,Facebook,8336,,https://www.facebook.com/txrebels/posts/1173089309479557
Facebook.com/Txrebels,Heart of Texas,160730,2016-12-15,17:20:00 , GMT-0500,Facebook,8320,,https://www.facebook.com/txrebels/posts/1074964495958706
Facebook.com/Txrebels,Heart of Texas,234260,2017-07-03,20:00:00 , GMT-0400,Facebook,8176,,https://www.facebook.com/txrebels/posts/1273903792731441
Facebook.com/Txrebels,Heart of Texas,234018,2017-07-01,19:00:00 , GMT-0400,Facebook,8147,,https://www.facebook.com/txrebels/posts/1270850646370089
Facebook.com/Txrebels,Heart of Texas,191401,2017-03-11,17:00:00 , GMT-0500,Facebook,8027,,https://www.facebook.com/txrebels/posts/1151240694997752
Facebook.com/Txrebels,Heart of Texas,216631,2017-05-07,16:51:00 , GMT-0400,Facebook,7903,,https://www.facebook.com/txrebels/posts/1203134036475084
Facebook.com/Txrebels,Heart of Texas,233888,2017-07-01,18:00:00 , GMT-0400,Facebook,7893,,https://www.facebook.com/txrebels/posts/1267430006712153
Facebook.com/Txrebels,Heart of Texas,218863,2017-05-13,19:00:00 , GMT-0400,Facebook,7880,,https://www.facebook.com/txrebels/posts/1219434504845037
Facebook.com/Txrebels,Heart of Texas,184091,2017-02-24,17:00:01 , GMT-0500,Facebook,7799,,https://www.facebook.com/txrebels/posts/1138885116233310
Facebook.com/Txrebels,Heart of Texas,235677,2017-07-08,20:16:00 , GMT-0400,Facebook,7760,,https://www.facebook.com/txrebels/posts/1274945105960643
Facebook.com/Txrebels,Heart of Texas,224320,2017-06-10,18:00:00 , GMT-0400,Facebook,7724,,https://www.facebook.com/txrebels/posts/1247171395404681
Facebook.com/Txrebels,Heart of Texas,229567,2017-06-18,19:00:00 , GMT-0400,Facebook,7688,,https://www.facebook.com/txrebels/posts/1256349877820166
Facebook.com/Txrebels,Heart of Texas,215476,2017-05-02,20:07:00 , GMT-0400,Facebook,7656,,https://www.facebook.com/txrebels/posts/1203151669806654
Facebook.com/Txrebels,Heart of Texas,177029,2017-02-05,9:19:01 , GMT-0500,Facebook,7638,,https://www.facebook.com/txrebels/posts/1119134834875005
Facebook.com/Txrebels,Heart of Texas,173588,2017-01-26,18:30:00 , GMT-0500,Facebook,7622,,https://www.facebook.com/txrebels/posts/1113333242121831
Facebook.com/Txrebels,Heart of Texas,158771,2016-12-04,14:00:00 , GMT-0500,Facebook,7589,,https://www.facebook.com/txrebels/posts/1061207300667759
Facebook.com/Txrebels,Heart of Texas,193568,2017-03-20,18:00:00 , GMT-0400,Facebook,7585,,https://www.facebook.com/txrebels/posts/1163869437068211
Facebook.com/Txrebels,Heart of Texas,211767,2017-04-21,18:00:00 , GMT-0400,Facebook,7575,,https://www.facebook.com/txrebels/posts/1200723803382774
Facebook.com/Txrebels,Heart of Texas,248065,2017-08-16,19:00:00 , GMT-0400,Facebook,7540,,https://www.facebook.com/txrebels/posts/1319789938142826
Facebook.com/Txrebels,Heart of Texas,235067,2017-07-07,19:00:00 , GMT-0400,Facebook,7416,,https://www.facebook.com/txrebels/posts/1274940802627740
Facebook.com/Txrebels,Heart of Texas,235294,2017-07-08,18:30:00 , GMT-0400,Facebook,7405,,https://www.facebook.com/txrebels/posts/1274942952627525
Facebook.com/Txrebels,Heart of Texas,238467,2017-07-16,19:12:00 , GMT-0400,Facebook,7395,,https://www.facebook.com/txrebels/posts/1285047901617030
Facebook.com/Txrebels,Heart of Texas,250245,2017-08-24,15:00:00 , GMT-0400,Facebook,7348,,https://www.facebook.com/txrebels/posts/1328129067308913
Facebook.com/Txrebels,Heart of Texas,235294,2017-07-08,19:00:00 , GMT-0400,Facebook,7335,,https://www.facebook.com/txrebels/posts/1274943259294161
Facebook.com/Txrebels,Heart of Texas,225116,2017-06-12,16:00:00 , GMT-0400,Facebook,7287,,https://www.facebook.com/txrebels/posts/1248370905284730
Facebook.com/Txrebels,Heart of Texas,194098,2017-03-22,18:00:00 , GMT-0400,Facebook,7254,,https://www.facebook.com/txrebels/posts/1165813703540451
Facebook.com/Txrebels,Heart of Texas,163007,2016-12-21,17:00:00 , GMT-0500,Facebook,7200,,https://www.facebook.com/txrebels/posts/1080288625426293
Facebook.com/Txrebels,Heart of Texas,236610,2017-07-11,20:07:00 , GMT-0400,Facebook,7189,,https://www.facebook.com/txrebels/posts/1281927961929024
Facebook.com/Txrebels,Heart of Texas,180581,2017-02-14,18:00:04 , GMT-0500,Facebook,7174,,https://www.facebook.com/txrebels/posts/1132252163563272
Facebook.com/Txrebels,Heart of Texas,200009,2017-03-31,15:57:00 , GMT-0400,Facebook,7145,,https://www.facebook.com/txrebels/posts/1173076412814180
Facebook.com/Txrebels,Heart of Texas,192345,2017-03-15,19:30:00 , GMT-0400,Facebook,7065,,https://www.facebook.com/txrebels/posts/1159481027507052
Facebook.com/Txrebels,Heart of Texas,201527,2017-04-07,20:09:00 , GMT-0400,Facebook,6993,,https://www.facebook.com/txrebels/posts/1173087569479731
Facebook.com/Txrebels,Heart of Texas,200009,2017-03-31,20:19:19 , GMT-0400,Facebook,6987,,https://www.facebook.com/txrebels/posts/1173077339480754
Facebook.com/Txrebels,Heart of Texas,168107,2017-01-05,18:30:01 , GMT-0500,Facebook,6986,,https://www.facebook.com/txrebels/posts/1084825331639289
Facebook.com/Txrebels,Heart of Texas,169672,2017-01-10,17:00:00 , GMT-0500,Facebook,6980,,https://www.facebook.com/txrebels/posts/1096562287132260
Facebook.com/Txrebels,Heart of Texas,214709,2017-04-28,16:00:00 , GMT-0400,Facebook,6866,,https://www.facebook.com/txrebels/posts/1207797256008762
Facebook.com/Txrebels,Heart of Texas,166820,2017-01-01,15:54:00 , GMT-0500,Facebook,6856,,https://www.facebook.com/txrebels/posts/1080293202092502
Facebook.com/Txrebels,Heart of Texas,194687,2017-03-24,16:00:00 , GMT-0400,Facebook,6797,,https://www.facebook.com/txrebels/posts/1167854793336342
Facebook.com/Txrebels,Heart of Texas,168668,2017-01-06,18:30:00 , GMT-0500,Facebook,6771,,https://www.facebook.com/txrebels/posts/1084826874972468
Facebook.com/Txrebels,Heart of Texas,166820,2017-01-01,18:30:00 , GMT-0500,Facebook,6743,,https://www.facebook.com/txrebels/posts/1081143182007504
Facebook.com/Txrebels,Heart of Texas,173373,2017-01-25,18:02:03 , GMT-0500,Facebook,6712,,https://www.facebook.com/txrebels/posts/1112078918913930
Facebook.com/Txrebels,I Love Texas,359630,2017-03-26,14:16:21 , GMT-0400,Facebook,6693,,https://www.facebook.com/ilovethegreatstateoftexas/posts/1235856943150344
Facebook.com/Txrebels,Heart of Texas,186855,2017-03-02,18:00:00 , GMT-0500,Facebook,6614,,https://www.facebook.com/txrebels/posts/1146906175431204
Facebook.com/Txrebels,Heart of Texas,221476,2017-05-26,16:28:00 , GMT-0400,Facebook,6599,,https://www.facebook.com/txrebels/posts/1231120853676402
Facebook.com/Txrebels,Heart of Texas,223079,2017-06-04,18:09:00 , GMT-0400,Facebook,6597,,https://www.facebook.com/txrebels/posts/1239916082796879
Facebook.com/Txrebels,Heart of Texas,160428,2016-12-13,13:12:01 , GMT-0500,Facebook,6582,,https://www.facebook.com/txrebels/posts/1072897776165378
Facebook.com/Txrebels,Heart of Texas,167821,2017-01-04,18:00:00 , GMT-0500,Facebook,6535,,https://www.facebook.com/txrebels/posts/1084078908380598
Facebook.com/Txrebels,Heart of Texas,198622,2017-03-28,19:32:00 , GMT-0400,Facebook,6491,,https://www.facebook.com/txrebels/posts/1171929192928902
Facebook.com/Txrebels,Heart of Texas,183464,2017-02-22,17:30:00 , GMT-0500,Facebook,6480,,https://www.facebook.com/txrebels/posts/1138880602900428
Facebook.com/Txrebels,Heart of Texas,244433,2017-08-02,11:00:00 , GMT-0400,Facebook,6439,,https://www.facebook.com/txrebels/posts/1305167432938410
Facebook.com/Txrebels,Heart of Texas,183464,2017-02-22,19:00:01 , GMT-0500,Facebook,6423,,https://www.facebook.com/txrebels/posts/1138881909566964
Facebook.com/Txrebels,Heart of Texas,245082,2017-08-05,18:30:00 , GMT-0400,Facebook,6413,,https://www.facebook.com/txrebels/posts/1307216012733552
Facebook.com/Txrebels,Heart of Texas,238913,2017-07-16,20:12:00 , GMT-0400,Facebook,6400,,https://www.facebook.com/txrebels/posts/1285048148283672
Facebook.com/Txrebels,Heart of Texas,246612,2017-08-11,17:30:00 , GMT-0400,Facebook,6338,,https://www.facebook.com/txrebels/posts/1314006918721128
Facebook.com/Txrebels,Heart of Texas,222446,2017-06-01,20:00:00 , GMT-0400,Facebook,6329,,https://www.facebook.com/txrebels/posts/1238727922915695
Facebook.com/Txrebels,Heart of Texas,168107,2017-01-05,15:09:00 , GMT-0500,Facebook,6328,,https://www.facebook.com/txrebels/posts/1084069215048234
Facebook.com/Txrebels,Heart of Texas,215789,2017-05-04,18:00:00 , GMT-0400,Facebook,6323,,https://www.facebook.com/txrebels/posts/1203141946474293
Facebook.com/Txrebels,Heart of Texas,202154,2017-04-10,19:00:00 , GMT-0400,Facebook,6320,,https://www.facebook.com/txrebels/posts/1187315771390244
Facebook.com/Txrebels,Heart of Texas,199162,2017-03-29,19:00:00 , GMT-0400,Facebook,6316,,https://www.facebook.com/txrebels/posts/1170776883044133
Facebook.com/Txrebels,Heart of Texas,194687,2017-03-24,16:59:00 , GMT-0400,Facebook,6308,,https://www.facebook.com/txrebels/posts/1167856170002871
Facebook.com/Txrebels,Heart of Texas,164428,2016-12-27,15:59:00 , GMT-0500,Facebook,6305,,https://www.facebook.com/txrebels/posts/1084810038307485
Facebook.com/Txrebels,Heart of Texas,239570,2017-07-19,20:00:00 , GMT-0400,Facebook,6295,,https://www.facebook.com/txrebels/posts/1290149184440235
Facebook.com/Txrebels,Heart of Texas,159622,2016-12-08,13:05:31 , GMT-0500,Facebook,6261,,https://www.facebook.com/txrebels/posts/1067498296705326
Facebook.com/Txrebels,Heart of Texas,172343,2017-01-20,15:59:01 , GMT-0500,Facebook,6237,,https://www.facebook.com/txrebels/posts/1106041789517643
Facebook.com/Txrebels,Heart of Texas,210871,2017-04-18,18:00:00 , GMT-0400,Facebook,6198,,https://www.facebook.com/txrebels/posts/1196894787099009
Facebook.com/Txrebels,Heart of Texas,167106,2017-01-02,18:30:00 , GMT-0500,Facebook,6157,,https://www.facebook.com/txrebels/posts/1081740795281076
Facebook.com/Txrebels,Heart of Texas,250245,2017-08-24,18:00:00 , GMT-0400,Facebook,6090,,https://www.facebook.com/txrebels/posts/1328137973974689
Facebook.com/Txrebels,Heart of Texas,245850,2017-08-07,20:30:00 , GMT-0400,Facebook,6087,,https://www.facebook.com/txrebels/posts/1310211809100639
Facebook.com/Txrebels,Heart of Texas,186855,2017-03-02,18:30:00 , GMT-0500,Facebook,6086,,https://www.facebook.com/txrebels/posts/1146906368764518
Facebook.com/Txrebels,Heart of Texas,189051,2017-03-06,15:00:01 , GMT-0500,Facebook,6069,,https://www.facebook.com/txrebels/posts/1150331601755328
Facebook.com/Txrebels,Heart of Texas,214912,2017-04-29,18:00:00 , GMT-0400,Facebook,6062,,https://www.facebook.com/txrebels/posts/1203134823141672
Facebook.com/Txrebels,Heart of Texas,230328,2017-06-19,18:00:00 , GMT-0400,Facebook,6050,,https://www.facebook.com/txrebels/posts/1259540654167755
Facebook.com/Txrebels,Heart of Texas,249770,2017-08-23,16:00:00 , GMT-0400,Facebook,6027,,https://www.facebook.com/txrebels/posts/1327028174085669
Facebook.com/Txrebels,Heart of Texas,200519,2017-04-02,16:01:00 , GMT-0400,Facebook,6007,,https://www.facebook.com/txrebels/posts/1173080246147130
Facebook.com/Txrebels,Heart of Texas,164245,2016-12-26,18:00:00 , GMT-0500,Facebook,5998,,https://www.facebook.com/txrebels/posts/1084070091714813
Facebook.com/Txrebels,Heart of Texas,174092,2017-01-27,19:00:00 , GMT-0500,Facebook,5924,,https://www.facebook.com/txrebels/posts/1114508495337639
Facebook.com/Txrebels,Heart of Texas,160117,2016-12-11,9:57:00 , GMT-0500,Facebook,5916,,https://www.facebook.com/txrebels/posts/1068560569932432
Facebook.com/Txrebels,Heart of Texas,245271,2017-08-06,18:00:00 , GMT-0400,Facebook,5906,,https://www.facebook.com/txrebels/posts/1307218916066595
Facebook.com/Txrebels,Heart of Texas,250245,2017-08-24,16:00:00 , GMT-0400,Facebook,5890,,https://www.facebook.com/txrebels/posts/1328133317308488
Facebook.com/Txrebels,Heart of Texas,220906,2017-05-22,18:30:00 , GMT-0400,Facebook,5886,,https://www.facebook.com/txrebels/posts/1229356260519528
Facebook.com/Txrebels,Heart of Texas,236882,2017-07-12,19:11:00 , GMT-0400,Facebook,5870,,https://www.facebook.com/txrebels/posts/1282907121831108
Facebook.com/Txrebels,Heart of Texas,166820,2017-01-01,17:00:00 , GMT-0500,Facebook,5843,,https://www.facebook.com/txrebels/posts/1080293555425800
Facebook.com/Txrebels,I Love Texas,377963,2017-07-11,18:07:40 , GMT-0400,Facebook,5842,,https://www.facebook.com/ilovethegreatstateoftexas/posts/1339586226110748
Facebook.com/Txrebels,Heart of Texas,194098,2017-03-22,16:56:00 , GMT-0400,Facebook,5828,,https://www.facebook.com/txrebels/posts/1165813493540472
Facebook.com/Txrebels,Heart of Texas,220459,2017-05-21,18:31:00 , GMT-0400,Facebook,5805,,https://www.facebook.com/txrebels/posts/1226804760774678
Facebook.com/Txrebels,Heart of Texas,234858,2017-07-06,19:00:00 , GMT-0400,Facebook,5796,,https://www.facebook.com/txrebels/posts/1274937632628057
Facebook.com/Txrebels,Heart of Texas,231749,2017-06-21,19:30:00 , GMT-0400,Facebook,5783,,https://www.facebook.com/txrebels/posts/1261490203972800
Facebook.com/Txrebels,Heart of Texas,242468,2017-07-29,15:00:00 , GMT-0400,Facebook,5778,,https://www.facebook.com/txrebels/posts/1301388733316280
Facebook.com/Txrebels,Heart of Texas,229567,2017-06-18,16:31:00 , GMT-0400,Facebook,5770,,https://www.facebook.com/txrebels/posts/1256349214486899
Facebook.com/Txrebels,Heart of Texas,212515,2017-04-23,18:00:00 , GMT-0400,Facebook,5736,,https://www.facebook.com/txrebels/posts/1201771156611372
Facebook.com/Txrebels,Heart of Texas,247597,2017-08-15,20:00:00 , GMT-0400,Facebook,5733,,https://www.facebook.com/txrebels/posts/1318361168285703
Facebook.com/Txrebels,Heart of Texas,216268,2017-05-06,19:04:00 , GMT-0400,Facebook,5696,,https://www.facebook.com/txrebels/posts/1203149086473579
Facebook.com/Txrebels,Heart of Texas,167434,2017-01-03,19:04:01 , GMT-0500,Facebook,5675,,https://www.facebook.com/txrebels/posts/1081755741946248
Facebook.com/Txrebels,Heart of Texas,247597,2017-08-15,18:00:00 , GMT-0400,Facebook,5670,,https://www.facebook.com/txrebels/posts/1318198461635307
Facebook.com/Txrebels,Heart of Texas,163007,2016-12-21,14:00:36 , GMT-0500,Facebook,5665,,https://www.facebook.com/txrebels/posts/1080287188759770
Facebook.com/Txrebels,Heart of Texas,238057,2017-07-14,20:04:00 , GMT-0400,Facebook,5664,,https://www.facebook.com/txrebels/posts/1285042851617535
Facebook.com/Txrebels,Heart of Texas,199162,2017-03-29,16:51:00 , GMT-0400,Facebook,5606,,https://www.facebook.com/txrebels/posts/1172998659488622
Facebook.com/Txrebels,Heart of Texas,171919,2017-01-18,15:59:01 , GMT-0500,Facebook,5602,,https://www.facebook.com/txrebels/posts/1104069799714842
Facebook.com/Txrebels,Heart of Texas,186255,2017-03-01,18:00:00 , GMT-0500,Facebook,5587,,https://www.facebook.com/txrebels/posts/1146087565513065
Facebook.com/Txrebels,Heart of Texas,184091,2017-02-24,15:52:00 , GMT-0500,Facebook,5550,,https://www.facebook.com/txrebels/posts/1138884952899993
Facebook.com/Txrebels,Heart of Texas,240491,2017-07-24,13:30:00 , GMT-0400,Facebook,5546,,https://www.facebook.com/txrebels/posts/1295512047237282
Facebook.com/Txrebels,Heart of Texas,249470,2017-08-21,16:00:00 , GMT-0400,Facebook,5545,,https://www.facebook.com/txrebels/posts/1325138850941268
Facebook.com/Txrebels,Heart of Texas,236308,2017-07-10,16:15:00 , GMT-0400,Facebook,5530,,https://www.facebook.com/txrebels/posts/1280886122033208
Facebook.com/Txrebels,Heart of Texas,239886,2017-07-20,11:00:00 , GMT-0400,Facebook,5509,,https://www.facebook.com/txrebels/posts/1291097704345383
Facebook.com/Txrebels,Heart of Texas,219789,2017-05-18,19:00:00 , GMT-0400,Facebook,5496,,https://www.facebook.com/txrebels/posts/1225715840883570
Facebook.com/Txrebels,Heart of Texas,211203,2017-04-19,19:00:00 , GMT-0400,Facebook,5454,,https://www.facebook.com/txrebels/posts/1198124510309370
Facebook.com/Txrebels,Heart of Texas,176687,2017-02-04,18:00:00 , GMT-0500,Facebook,5442,,https://www.facebook.com/txrebels/posts/1117926058329216
Facebook.com/Txrebels,Heart of Texas,194098,2017-03-22,20:00:00 , GMT-0400,Facebook,5430,,https://www.facebook.com/txrebels/posts/1165818456873309
Facebook.com/Txrebels,Heart of Texas,169901,2017-01-11,17:24:00 , GMT-0500,Facebook,5368,,https://www.facebook.com/txrebels/posts/1097356433719512
Facebook.com/Txrebels,Heart of Texas,235294,2017-07-08,18:00:00 , GMT-0400,Facebook,5347,,https://www.facebook.com/txrebels/posts/1274942632627557
Facebook.com/Txrebels,Heart of Texas,193310,2017-03-19,16:52:00 , GMT-0400,Facebook,5311,,https://www.facebook.com/txrebels/posts/1160340214087800
Facebook.com/Txrebels,Heart of Texas,217476,2017-05-09,18:00:00 , GMT-0400,Facebook,5284,,https://www.facebook.com/txrebels/posts/1203143503140804
Facebook.com/Txrebels,Heart of Texas,216268,2017-05-06,16:50:00 , GMT-0400,Facebook,5245,,https://www.facebook.com/txrebels/posts/1203133789808442
Facebook.com/Txrebels,Heart of Texas,235294,2017-07-08,16:13:00 , GMT-0400,Facebook,5229,,https://www.facebook.com/txrebels/posts/1274942262627594
Facebook.com/Txrebels,Heart of Texas,239886,2017-07-20,13:00:00 , GMT-0400,Facebook,5225,,https://www.facebook.com/txrebels/posts/1291098761011944
Facebook.com/Txrebels,Heart of Texas,173839,2017-01-27,17:00:00 , GMT-0500,Facebook,5224,,https://www.facebook.com/txrebels/posts/1114462068675615
Facebook.com/Txrebels,Heart of Texas,223740,2017-06-07,18:00:00 , GMT-0400,Facebook,5220,,https://www.facebook.com/txrebels/posts/1246153862173101
Facebook.com/Txrebels,Heart of Texas,165337,2016-12-28,19:31:00 , GMT-0500,Facebook,5200,,https://www.facebook.com/txrebels/posts/1085633438225145
Facebook.com/Txrebels,Heart of Texas,210871,2017-04-18,16:59:00 , GMT-0400,Facebook,5200,,https://www.facebook.com/txrebels/posts/1196893953765759
Facebook.com/Txrebels,Heart of Texas,237156,2017-07-13,18:00:00 , GMT-0400,Facebook,5175,,https://www.facebook.com/txrebels/posts/1283690518419435
Facebook.com/Txrebels,Heart of Texas,240220,2017-07-22,12:00:00 , GMT-0400,Facebook,5174,,https://www.facebook.com/txrebels/posts/1292112927577194
Facebook.com/Txrebels,Heart of Texas,202767,2017-04-12,18:00:00 , GMT-0400,Facebook,5168,,https://www.facebook.com/txrebels/posts/1189897484465406
Facebook.com/Txrebels,Heart of Texas,235067,2017-07-07,19:30:00 , GMT-0400,Facebook,5158,,https://www.facebook.com/txrebels/posts/1274940979294389
Facebook.com/Txrebels,Heart of Texas,173839,2017-01-27,17:30:00 , GMT-0500,Facebook,5121,,https://www.facebook.com/txrebels/posts/1114462678675554
Facebook.com/Txrebels,Heart of Texas,190420,2017-03-09,17:00:00 , GMT-0500,Facebook,5087,,https://www.facebook.com/txrebels/posts/1153475778107577
Facebook.com/Txrebels,Heart of Texas,207108,2017-04-14,19:00:00 , GMT-0400,Facebook,5069,,https://www.facebook.com/txrebels/posts/1192387817549706
Facebook.com/Txrebels,Heart of Texas,215476,2017-05-02,16:48:00 , GMT-0400,Facebook,5047,,https://www.facebook.com/txrebels/posts/1203131509808670
Facebook.com/Txrebels,Heart of Texas,159622,2016-12-08,14:25:01 , GMT-0500,Facebook,5030,,https://www.facebook.com/txrebels/posts/1067498680038621
Facebook.com/Txrebels,Heart of Texas,160596,2016-12-14,17:14:00 , GMT-0500,Facebook,5018,,https://www.facebook.com/txrebels/posts/1073959352725887
Facebook.com/Txrebels,Heart of Texas,195421,2017-03-25,20:36:00 , GMT-0400,Facebook,4996,,https://www.facebook.com/txrebels/posts/1167866323335189
Facebook.com/Txrebels,Heart of Texas,240082,2017-07-21,16:00:00 , GMT-0400,Facebook,4977,,https://www.facebook.com/txrebels/posts/1292097117578775
Facebook.com/Txrebels,Heart of Texas,219789,2017-05-18,18:30:00 , GMT-0400,Facebook,4973,,https://www.facebook.com/txrebels/posts/1225715557550265
Facebook.com/Txrebels,Heart of Texas,167434,2017-01-03,18:00:00 , GMT-0500,Facebook,4968,,https://www.facebook.com/txrebels/posts/1081754995279656
Facebook.com/Txrebels,Heart of Texas,212515,2017-04-23,19:56:00 , GMT-0400,Facebook,4967,,https://www.facebook.com/txrebels/posts/1201771689944652
Facebook.com/Txrebels,Heart of Texas,232165,2017-06-22,20:00:00 , GMT-0400,Facebook,4942,,https://www.facebook.com/txrebels/posts/1262467320541755
Facebook.com/Txrebels,Heart of Texas,186855,2017-03-02,17:00:00 , GMT-0500,Facebook,4935,,https://www.facebook.com/txrebels/posts/1146905565431265
Facebook.com/Txrebels,Heart of Texas,240598,2017-07-25,19:00:00 , GMT-0400,Facebook,4927,,https://www.facebook.com/txrebels/posts/1296862490435571
Facebook.com/Txrebels,Heart of Texas,159770,2016-12-09,10:00:00 , GMT-0500,Facebook,4913,,https://www.facebook.com/txrebels/posts/1068558966599259
Facebook.com/Txrebels,Heart of Texas,235294,2017-07-08,16:59:00 , GMT-0400,Facebook,4906,,https://www.facebook.com/txrebels/posts/1274942435960910
Facebook.com/Txrebels,Heart of Texas,201937,2017-04-09,20:26:00 , GMT-0400,Facebook,4905,,https://www.facebook.com/txrebels/posts/1173101736144981
Facebook.com/Txrebels,Heart of Texas,164428,2016-12-27,18:00:00 , GMT-0500,Facebook,4904,,https://www.facebook.com/txrebels/posts/1084820578306431
Facebook.com/Txrebels,Heart of Texas,229567,2017-06-18,18:00:00 , GMT-0400,Facebook,4901,,https://www.facebook.com/txrebels/posts/1256349587820195
Facebook.com/Txrebels,Heart of Texas,167821,2017-01-04,17:07:00 , GMT-0500,Facebook,4890,,https://www.facebook.com/txrebels/posts/1084068131715009
Facebook.com/Txrebels,Heart of Texas,162279,2016-12-19,19:00:02 , GMT-0500,Facebook,4886,,https://www.facebook.com/txrebels/posts/1078613225593833
Facebook.com/Txrebels,Heart of Texas,220136,2017-05-20,16:32:00 , GMT-0400,Facebook,4865,,https://www.facebook.com/txrebels/posts/1223175581137596
Facebook.com/Txrebels,Heart of Texas,172086,2017-01-19,17:30:00 , GMT-0500,Facebook,4841,,https://www.facebook.com/txrebels/posts/1105190502936105
Facebook.com/Txrebels,Heart of Texas,193845,2017-03-21,16:00:02 , GMT-0400,Facebook,4794,,https://www.facebook.com/txrebels/posts/1164816343640187
Facebook.com/Txrebels,Heart of Texas,211203,2017-04-19,18:00:00 , GMT-0400,Facebook,4784,,https://www.facebook.com/txrebels/posts/1198123666976121
Facebook.com/Txrebels,Heart of Texas,161535,2016-12-17,12:00:00 , GMT-0500,Facebook,4774,,https://www.facebook.com/txrebels/posts/1075870105868145
Facebook.com/Txrebels,Heart of Texas,164814,2016-12-28,17:30:00 , GMT-0500,Facebook,4747,,https://www.facebook.com/txrebels/posts/1085632988225190
Facebook.com/Txrebels,Heart of Texas,179756,2017-02-12,9:00:01 , GMT-0500,Facebook,4746,,https://www.facebook.com/txrebels/posts/1125454204243068
Facebook.com/Txrebels,Heart of Texas,194385,2017-03-23,19:00:00 , GMT-0400,Facebook,4745,,https://www.facebook.com/txrebels/posts/1166890520099436
Facebook.com/Txrebels,Heart of Texas,251373,2017-08-26,19:30:00 , GMT-0400,Facebook,4722,,https://www.facebook.com/txrebels/posts/1329126477209172
Facebook.com/Txrebels,Heart of Texas,166430,2016-12-31,15:55:00 , GMT-0500,Facebook,4710,,https://www.facebook.com/txrebels/posts/1081134745341681
Facebook.com/Txrebels,Heart of Texas,178403,2017-02-09,17:00:03 , GMT-0500,Facebook,4698,,https://www.facebook.com/txrebels/posts/1128117857310036
Facebook.com/Txrebels,Heart of Texas,189051,2017-03-06,15:59:00 , GMT-0500,Facebook,4690,,https://www.facebook.com/txrebels/posts/1150332108421944
Facebook.com/Txrebels,Heart of Texas,172343,2017-01-20,18:00:00 , GMT-0500,Facebook,4686,,https://www.facebook.com/txrebels/posts/1106043119517510
Facebook.com/Txrebels,Heart of Texas,249085,2017-08-19,19:30:00 , GMT-0400,Facebook,4647,,https://www.facebook.com/txrebels/posts/1321926574595829
Facebook.com/Txrebels,Heart of Texas,199162,2017-03-29,18:00:00 , GMT-0400,Facebook,4637,,https://www.facebook.com/txrebels/posts/1172998862821935
Facebook.com/Txrebels,Heart of Texas,215610,2017-05-03,16:00:00 , GMT-0400,Facebook,4633,,https://www.facebook.com/txrebels/posts/1203127753142379
Facebook.com/Txrebels,Heart of Texas,216631,2017-05-07,18:00:00 , GMT-0400,Facebook,4627,,https://www.facebook.com/txrebels/posts/1203142899807531
Facebook.com/Txrebels,Heart of Texas,160596,2016-12-14,11:11:03 , GMT-0500,Facebook,4622,,https://www.facebook.com/txrebels/posts/1073957362726086
Facebook.com/Txrebels,Heart of Texas,211767,2017-04-20,20:20:00 , GMT-0400,Facebook,4621,,https://www.facebook.com/txrebels/posts/1199361830185638
Facebook.com/Txrebels,Heart of Texas,221476,2017-05-26,19:00:00 , GMT-0400,Facebook,4584,,https://www.facebook.com/txrebels/posts/1232862580168896
Facebook.com/Txrebels,Heart of Texas,166430,2016-12-31,14:08:00 , GMT-0500,Facebook,4557,,https://www.facebook.com/txrebels/posts/1084068435048312
Facebook.com/Txrebels,Heart of Texas,200756,2017-04-03,19:08:00 , GMT-0400,Facebook,4549,,https://www.facebook.com/txrebels/posts/1173086416146513
Facebook.com/Txrebels,Heart of Texas,250245,2017-08-24,15:30:00 , GMT-0400,Facebook,4546,,https://www.facebook.com/txrebels/posts/1328129550642198
Facebook.com/Txrebels,Heart of Texas,194687,2017-03-24,10:05:45 , GMT-0400,Facebook,4546,,https://www.facebook.com/txrebels/posts/1167738140014674
Facebook.com/Txrebels,Heart of Texas,183464,2017-02-22,9:00:01 , GMT-0500,Facebook,4544,,https://www.facebook.com/txrebels/posts/1138781789576976
Facebook.com/Txrebels,Heart of Texas,184593,2017-02-25,18:00:00 , GMT-0500,Facebook,4535,,https://www.facebook.com/txrebels/posts/1138883059566849
Facebook.com/Txrebels,Heart of Texas,183153,2017-02-21,18:30:00 , GMT-0500,Facebook,4525,,https://www.facebook.com/txrebels/posts/1138862816235540
Facebook.com/Txrebels,Heart of Texas,170235,2017-01-12,17:30:00 , GMT-0500,Facebook,4515,,https://www.facebook.com/txrebels/posts/1098382853616870
Facebook.com/Txrebels,Heart of Texas,187507,2017-03-03,17:00:01 , GMT-0500,Facebook,4504,,https://www.facebook.com/txrebels/posts/1147676775354144
Facebook.com/Txrebels,Heart of Texas,201743,2017-04-08,18:00:00 , GMT-0400,Facebook,4501,,https://www.facebook.com/txrebels/posts/1173099936145161
Facebook.com/Txrebels,Heart of Texas,223542,2017-06-06,19:30:00 , GMT-0400,Facebook,4476,,https://www.facebook.com/txrebels/posts/1244839982304489
Facebook.com/Txrebels,Heart of Texas,191958,2017-03-13,19:37:01 , GMT-0400,Facebook,4462,,https://www.facebook.com/txrebels/posts/1157602077694947
Facebook.com/Txrebels,Heart of Texas,199162,2017-03-29,19:55:00 , GMT-0400,Facebook,4453,,https://www.facebook.com/txrebels/posts/1173000926155062
Facebook.com/Txrebels,Heart of Texas,238467,2017-07-16,16:11:00 , GMT-0400,Facebook,4449,,https://www.facebook.com/txrebels/posts/1285047594950394
Facebook.com/Txrebels,Heart of Texas,210028,2017-04-16,16:00:00 , GMT-0400,Facebook,4440,,https://www.facebook.com/txrebels/posts/1191181311003690
Facebook.com/Txrebels,Heart of Texas,215610,2017-05-03,16:49:00 , GMT-0400,Facebook,4427,,https://www.facebook.com/txrebels/posts/1203132193141935
Facebook.com/Txrebels,Heart of Texas,241093,2017-07-27,16:30:00 , GMT-0400,Facebook,4422,,https://www.facebook.com/txrebels/posts/1299395740182246
Facebook.com/Txrebels,Heart of Texas,170660,2017-01-13,18:00:00 , GMT-0500,Facebook,4415,,https://www.facebook.com/txrebels/posts/1099306433524512
Facebook.com/Txrebels,Heart of Texas,233349,2017-06-28,19:30:00 , GMT-0400,Facebook,4413,,https://www.facebook.com/txrebels/posts/1268444733277347
Facebook.com/Txrebels,Heart of Texas,194098,2017-03-22,18:30:00 , GMT-0400,Facebook,4410,,https://www.facebook.com/txrebels/posts/1165814880207000
Facebook.com/Txrebels,Heart of Texas,163826,2016-12-24,18:00:00 , GMT-0500,Facebook,4409,,https://www.facebook.com/txrebels/posts/1080293838759105
Facebook.com/Txrebels,Heart of Texas,222676,2017-06-02,18:00:00 , GMT-0400,Facebook,4394,,https://www.facebook.com/txrebels/posts/1240006122787875
Facebook.com/Txrebels,Heart of Texas,165954,2016-12-30,15:59:02 , GMT-0500,Facebook,4380,,https://www.facebook.com/txrebels/posts/1084068765048279
Facebook.com/Txrebels,Heart of Texas,215789,2017-05-04,19:03:00 , GMT-0400,Facebook,4354,,https://www.facebook.com/txrebels/posts/1203148389806982
Facebook.com/Txrebels,Heart of Texas,200986,2017-04-04,16:59:00 , GMT-0400,Facebook,4353,,https://www.facebook.com/txrebels/posts/1173088286146326
Facebook.com/Txrebels,Heart of Texas,181187,2017-02-16,15:59:00 , GMT-0500,Facebook,4352,,https://www.facebook.com/txrebels/posts/1134045823383906
Facebook.com/Txrebels,Heart of Texas,244872,2017-08-04,19:00:00 , GMT-0400,Facebook,4347,,https://www.facebook.com/txrebels/posts/1307204482734705
Facebook.com/Txrebels,Heart of Texas,200986,2017-04-04,19:11:00 , GMT-0400,Facebook,4346,,https://www.facebook.com/txrebels/posts/1173088966146258
Facebook.com/Txrebels,Heart of Texas,202154,2017-04-10,16:59:00 , GMT-0400,Facebook,4340,,https://www.facebook.com/txrebels/posts/1187310878057400
Facebook.com/Txrebels,Heart of Texas,222239,2017-05-30,18:33:00 , GMT-0400,Facebook,4327,,https://www.facebook.com/txrebels/posts/1236708213117666
Facebook.com/Txrebels,Heart of Texas,215476,2017-05-02,18:00:00 , GMT-0400,Facebook,4326,,https://www.facebook.com/txrebels/posts/1203141349807686
Facebook.com/Txrebels,Heart of Texas,239570,2017-07-18,21:00:00 , GMT-0400,Facebook,4310,,https://www.facebook.com/txrebels/posts/1289138274541326
Facebook.com/Txrebels,Heart of Texas,201356,2017-04-06,15:16:00 , GMT-0400,Facebook,4297,,https://www.facebook.com/txrebels/posts/1173094039479084
Facebook.com/Txrebels,Heart of Texas,168382,2017-01-06,18:00:00 , GMT-0500,Facebook,4287,,https://www.facebook.com/txrebels/posts/1084826671639155
Facebook.com/Txrebels,Heart of Texas,168382,2017-01-05,19:20:00 , GMT-0500,Facebook,4286,,https://www.facebook.com/txrebels/posts/1084825544972601
Facebook.com/Txrebels,Heart of Texas,200283,2017-04-01,18:00:00 , GMT-0400,Facebook,4282,,https://www.facebook.com/txrebels/posts/1173078239480664
Facebook.com/Txrebels,Heart of Texas,220136,2017-05-20,19:25:00 , GMT-0400,Facebook,4263,,https://www.facebook.com/txrebels/posts/1225720940883060
Facebook.com/Txrebels,Heart of Texas,200986,2017-04-04,16:10:00 , GMT-0400,Facebook,4260,,https://www.facebook.com/txrebels/posts/1173087982813023
Facebook.com/Txrebels,Heart of Texas,225270,2017-06-13,19:30:00 , GMT-0400,Facebook,4251,,https://www.facebook.com/txrebels/posts/1252953054826515
Facebook.com/Txrebels,Heart of Texas,216268,2017-05-06,18:00:00 , GMT-0400,Facebook,4245,,https://www.facebook.com/txrebels/posts/1203142619807559
Facebook.com/Txrebels,Heart of Texas,198622,2017-03-27,20:15:00 , GMT-0400,Facebook,4238,,https://www.facebook.com/txrebels/posts/1170778136377341
Facebook.com/Txrebels,Heart of Texas,177688,2017-02-07,15:59:00 , GMT-0500,Facebook,4233,,https://www.facebook.com/txrebels/posts/1125421094246379
Facebook.com/Txrebels,Heart of Texas,193310,2017-03-19,19:00:00 , GMT-0400,Facebook,4218,,https://www.facebook.com/txrebels/posts/1161201320668356
Facebook.com/Txrebels,Heart of Texas,163522,2016-12-23,15:59:02 , GMT-0500,Facebook,4214,,https://www.facebook.com/txrebels/posts/1081744355280720
Facebook.com/Txrebels,Heart of Texas,169672,2017-01-10,19:44:00 , GMT-0500,Facebook,4208,,https://www.facebook.com/txrebels/posts/1096570640464758
Facebook.com/Txrebels,Heart of Texas,213056,2017-04-24,16:59:00 , GMT-0400,Facebook,4206,,https://www.facebook.com/txrebels/posts/1204008159721005
Facebook.com/Txrebels,Heart of Texas,200009,2017-03-31,9:56:00 , GMT-0400,Facebook,4194,,https://www.facebook.com/txrebels/posts/1173075216147633
Facebook.com/Txrebels,Heart of Texas,194687,2017-03-24,18:00:00 , GMT-0400,Facebook,4183,,https://www.facebook.com/txrebels/posts/1167856440002844
Facebook.com/Txrebels,Heart of Texas,219486,2017-05-16,19:34:00 , GMT-0400,Facebook,4179,,https://www.facebook.com/txrebels/posts/1224025527719268
Facebook.com/Txrebels,Heart of Texas,245271,2017-08-06,19:00:00 , GMT-0400,Facebook,4178,,https://www.facebook.com/txrebels/posts/1307220712733082
Facebook.com/Txrebels,Heart of Texas,244071,2017-07-31,21:00:00 , GMT-0400,Facebook,4167,,https://www.facebook.com/txrebels/posts/1303333939788426
Facebook.com/Txrebels,Heart of Texas,234260,2017-07-03,16:59:00 , GMT-0400,Facebook,4166,,https://www.facebook.com/txrebels/posts/1273898122732008
Facebook.com/Txrebels,Heart of Texas,221630,2017-05-27,18:59:00 , GMT-0400,Facebook,4154,,https://www.facebook.com/txrebels/posts/1229357027186118
Facebook.com/Txrebels,Heart of Texas,234858,2017-07-06,20:09:00 , GMT-0400,Facebook,4152,,https://www.facebook.com/txrebels/posts/1274939159294571
Facebook.com/Txrebels,Heart of Texas,240598,2017-07-25,11:00:01 , GMT-0400,Facebook,4150,,https://www.facebook.com/txrebels/posts/1296849727103514
Facebook.com/Txrebels,Heart of Texas,173373,2017-01-25,17:01:00 , GMT-0500,Facebook,4137,,https://www.facebook.com/txrebels/posts/1112078115580677
Facebook.com/Txrebels,Heart of Texas,171716,2017-01-16,18:00:00 , GMT-0500,Facebook,4118,,https://www.facebook.com/txrebels/posts/1102257939896028
Facebook.com/Txrebels,Heart of Texas,231749,2017-06-20,19:00:00 , GMT-0400,Facebook,4113,,https://www.facebook.com/txrebels/posts/1260580894063731
Facebook.com/Txrebels,Heart of Texas,252246,2017-08-27,20:00:00 , GMT-0400,Facebook,4092,,https://www.facebook.com/txrebels/posts/1329131713875315
Facebook.com/Txrebels,Heart of Texas,194687,2017-03-24,18:30:00 , GMT-0400,Facebook,4088,,https://www.facebook.com/txrebels/posts/1167856676669487
Facebook.com/Txrebels,Heart of Texas,190420,2017-03-09,9:00:01 , GMT-0500,Facebook,4087,,https://www.facebook.com/txrebels/posts/1153315928123562
Facebook.com/Txrebels,Heart of Texas,239318,2017-07-18,16:59:00 , GMT-0400,Facebook,4075,,https://www.facebook.com/txrebels/posts/1288918684563285
Facebook.com/Txrebels,Heart of Texas,164245,2016-12-26,19:00:00 , GMT-0500,Facebook,4068,,https://www.facebook.com/txrebels/posts/1084070601714762
Facebook.com/Txrebels,Heart of Texas,216268,2017-05-05,20:08:00 , GMT-0400,Facebook,4060,,https://www.facebook.com/txrebels/posts/1203152393139915
Facebook.com/Txrebels,Heart of Texas,176687,2017-02-04,9:00:01 , GMT-0500,Facebook,4057,,https://www.facebook.com/txrebels/posts/1119077774880711
Facebook.com/Txrebels,Heart of Texas,235067,2017-07-07,18:30:00 , GMT-0400,Facebook,4021,,https://www.facebook.com/txrebels/posts/1274940595961094
Facebook.com/Txrebels,Heart of Texas,219114,2017-05-14,19:30:00 , GMT-0400,Facebook,4018,,https://www.facebook.com/txrebels/posts/1220445811410573
Facebook.com/Txrebels,Heart of Texas,198622,2017-03-28,19:00:00 , GMT-0400,Facebook,4003,,https://www.facebook.com/txrebels/posts/1171927506262404
Facebook.com/Txrebels,Heart of Texas,162646,2016-12-20,17:30:00 , GMT-0500,Facebook,4002,,https://www.facebook.com/txrebels/posts/1079440072177815
Facebook.com/Txrebels,Heart of Texas,180288,2017-02-13,15:59:00 , GMT-0500,Facebook,3976,,https://www.facebook.com/txrebels/posts/1131300560325099
Facebook.com/Txrebels,Heart of Texas,224320,2017-06-11,19:00:00 , GMT-0400,Facebook,3976,,https://www.facebook.com/txrebels/posts/1248367965285024
Facebook.com/Txrebels,Heart of Texas,161031,2016-12-16,14:23:00 , GMT-0500,Facebook,3974,,https://www.facebook.com/txrebels/posts/1074969179291571
Facebook.com/Txrebels,Heart of Texas,164063,2016-12-25,17:00:00 , GMT-0500,Facebook,3974,,https://www.facebook.com/txrebels/posts/1081136522008170
Facebook.com/Txrebels,Heart of Texas,162279,2016-12-19,17:00:00 , GMT-0500,Facebook,3971,,https://www.facebook.com/txrebels/posts/1078612472260575
Facebook.com/Txrebels,Heart of Texas,183464,2017-02-22,18:30:02 , GMT-0500,Facebook,3970,,https://www.facebook.com/txrebels/posts/1138881079567047
Facebook.com/Txrebels,Heart of Texas,238467,2017-07-16,18:11:00 , GMT-0400,Facebook,3970,,https://www.facebook.com/txrebels/posts/1285047708283716
Facebook.com/Txrebels,Heart of Texas,160730,2016-12-15,14:19:00 , GMT-0500,Facebook,3970,,https://www.facebook.com/txrebels/posts/1074964169292072
Facebook.com/Txrebels,Heart of Texas,159770,2016-12-09,21:27:04 , GMT-0500,Facebook,3961,,https://www.facebook.com/txrebels/posts/1067500660038423
Facebook.com/Txrebels,Heart of Texas,193845,2017-03-21,16:59:00 , GMT-0400,Facebook,3958,,https://www.facebook.com/txrebels/posts/1164816540306834
Facebook.com/Txrebels,Heart of Texas,201743,2017-04-08,10:20:00 , GMT-0400,Facebook,3951,,https://www.facebook.com/txrebels/posts/1173097319478756
Facebook.com/Txrebels,Heart of Texas,222890,2017-06-03,10:08:00 , GMT-0400,Facebook,3948,,https://www.facebook.com/txrebels/posts/1239910812797406
Facebook.com/Txrebels,Heart of Texas,160428,2016-12-13,14:12:00 , GMT-0500,Facebook,3947,,https://www.facebook.com/txrebels/posts/1072898286165327
Facebook.com/Txrebels,Heart of Texas,189051,2017-03-05,19:30:00 , GMT-0500,Facebook,3940,,https://www.facebook.com/txrebels/posts/1145222378932917
Facebook.com/Txrebels,Heart of Texas,181935,2017-02-18,19:02:00 , GMT-0500,Facebook,3905,,https://www.facebook.com/txrebels/posts/1131376476984174
Facebook.com/Txrebels,Heart of Texas,160730,2016-12-15,10:19:46 , GMT-0500,Facebook,3894,,https://www.facebook.com/txrebels/posts/1073961666058989
Facebook.com/Txrebels,Heart of Texas,200283,2017-04-01,18:59:00 , GMT-0400,Facebook,3882,,https://www.facebook.com/txrebels/posts/1173078552813966
Facebook.com/Txrebels,Heart of Texas,169901,2017-01-11,15:59:00 , GMT-0500,Facebook,3879,,https://www.facebook.com/txrebels/posts/1097355920386230
Facebook.com/Txrebels,Heart of Texas,162646,2016-12-20,14:00:00 , GMT-0500,Facebook,3877,,https://www.facebook.com/txrebels/posts/1079439312177891
Facebook.com/Txrebels,Heart of Texas,201356,2017-04-06,17:02:36 , GMT-0400,Facebook,3871,,https://www.facebook.com/txrebels/posts/1173094629479025
Facebook.com/Txrebels,Heart of Texas,180884,2017-02-15,17:29:00 , GMT-0500,Facebook,3862,,https://www.facebook.com/txrebels/posts/1132995793488909
Facebook.com/Txrebels,Heart of Texas,189458,2017-03-07,19:00:01 , GMT-0500,Facebook,3850,,https://www.facebook.com/txrebels/posts/1151233858331769
Facebook.com/Txrebels,Heart of Texas,247358,2017-08-14,18:30:00 , GMT-0400,Facebook,3847,,https://www.facebook.com/txrebels/posts/1317123241742829
Facebook.com/Txrebels,Heart of Texas,236882,2017-07-12,19:40:00 , GMT-0400,Facebook,3844,,https://www.facebook.com/txrebels/posts/1282907338497753
Facebook.com/Txrebels,Heart of Texas,202154,2017-04-10,16:00:00 , GMT-0400,Facebook,3842,,https://www.facebook.com/txrebels/posts/1187310748057413
Facebook.com/Txrebels,Heart of Texas,170235,2017-01-12,15:56:00 , GMT-0500,Facebook,3832,,https://www.facebook.com/txrebels/posts/1098382263616929
Facebook.com/Txrebels,Heart of Texas,182841,2017-02-20,17:30:00 , GMT-0500,Facebook,3811,,https://www.facebook.com/txrebels/posts/1137995096322312
Facebook.com/Txrebels,Heart of Texas,246612,2017-08-11,18:30:00 , GMT-0400,Facebook,3811,,https://www.facebook.com/txrebels/posts/1314024942052659
Facebook.com/Txrebels,Heart of Texas,243150,2017-07-30,16:00:00 , GMT-0400,Facebook,3805,,https://www.facebook.com/txrebels/posts/1301391959982624
Facebook.com/Txrebels,Heart of Texas,245271,2017-08-06,16:30:00 , GMT-0400,Facebook,3801,,https://www.facebook.com/txrebels/posts/1307218622733291
Facebook.com/Txrebels,Heart of Texas,235677,2017-07-09,18:00:00 , GMT-0400,Facebook,3800,,https://www.facebook.com/txrebels/posts/1274947572627063
Facebook.com/Txrebels,Heart of Texas,178823,2017-02-10,17:00:00 , GMT-0500,Facebook,3786,,https://www.facebook.com/txrebels/posts/1128907383897750
Facebook.com/Txrebels,Heart of Texas,164245,2016-12-26,15:59:00 , GMT-0500,Facebook,3784,,https://www.facebook.com/txrebels/posts/1084067025048453
Facebook.com/Txrebels,Heart of Texas,195421,2017-03-25,20:00:00 , GMT-0400,Facebook,3782,,https://www.facebook.com/txrebels/posts/1166898543431967
Facebook.com/Txrebels,Heart of Texas,221476,2017-05-26,18:00:00 , GMT-0400,Facebook,3777,,https://www.facebook.com/txrebels/posts/1231974850257669
Facebook.com/Txrebels,Heart of Texas,171716,2017-01-17,9:46:50 , GMT-0500,Facebook,3773,,https://www.facebook.com/txrebels/posts/1103192476469241
Facebook.com/Txrebels,Heart of Texas,214912,2017-04-29,10:00:00 , GMT-0400,Facebook,3770,,https://www.facebook.com/txrebels/posts/1203118186476669
Facebook.com/Txrebels,Heart of Texas,246400,2017-08-10,16:30:00 , GMT-0400,Facebook,3765,,https://www.facebook.com/txrebels/posts/1312842905504196
Facebook.com/Txrebels,Heart of Texas,215104,2017-04-30,18:00:00 , GMT-0400,Facebook,3763,,https://www.facebook.com/txrebels/posts/1203135133141641
Facebook.com/Txrebels,Heart of Texas,183153,2017-02-21,17:00:01 , GMT-0500,Facebook,3757,,https://www.facebook.com/txrebels/posts/1138861302902358
Facebook.com/Txrebels,Heart of Texas,241645,2017-07-28,13:30:00 , GMT-0400,Facebook,3733,,https://www.facebook.com/txrebels/posts/1300550886733398
Facebook.com/Txrebels,Heart of Texas,223740,2017-06-07,18:35:00 , GMT-0400,Facebook,3731,,https://www.facebook.com/txrebels/posts/1246155342172953
Facebook.com/Txrebels,Heart of Texas,213608,2017-04-25,18:28:05 , GMT-0400,Facebook,3728,,https://www.facebook.com/txrebels/posts/1205244429597378
Facebook.com/Txrebels,Heart of Texas,244872,2017-08-04,11:00:00 , GMT-0400,Facebook,3722,,https://www.facebook.com/txrebels/posts/1307197556068731
Facebook.com/Txrebels,Heart of Texas,222325,2017-05-31,19:01:00 , GMT-0400,Facebook,3718,,https://www.facebook.com/txrebels/posts/1237693616352459
Facebook.com/Txrebels,Heart of Texas,217099,2017-05-08,16:51:00 , GMT-0400,Facebook,3709,,https://www.facebook.com/txrebels/posts/1203134236475064
Facebook.com/Txrebels,Heart of Texas,159406,2016-12-07,14:07:38 , GMT-0500,Facebook,3708,,https://www.facebook.com/txrebels/posts/1066611130127376
Facebook.com/Txrebels,Heart of Texas,169055,2017-01-08,17:00:02 , GMT-0500,Facebook,3703,,https://www.facebook.com/txrebels/posts/1086264041495418
Facebook.com/Txrebels,Heart of Texas,234260,2017-07-03,18:30:00 , GMT-0400,Facebook,3697,,https://www.facebook.com/txrebels/posts/1273898899398597
Facebook.com/Txrebels,Heart of Texas,234858,2017-07-06,19:30:00 , GMT-0400,Facebook,3692,,https://www.facebook.com/txrebels/posts/1274938492627971
Facebook.com/Txrebels,Heart of Texas,192608,2017-03-16,19:30:00 , GMT-0400,Facebook,3681,,https://www.facebook.com/txrebels/posts/1160338044088017
Facebook.com/Txrebels,Heart of Texas,235067,2017-07-07,16:59:00 , GMT-0400,Facebook,3656,,https://www.facebook.com/txrebels/posts/1274939979294489
Facebook.com/Txrebels,Heart of Texas,223542,2017-06-06,18:00:00 , GMT-0400,Facebook,3655,,https://www.facebook.com/txrebels/posts/1244835545638266
Facebook.com/Txrebels,Heart of Texas,170235,2017-01-12,18:30:00 , GMT-0500,Facebook,3654,,https://www.facebook.com/txrebels/posts/1098384036950085
Facebook.com/Txrebels,Heart of Texas,202354,2017-04-11,18:56:22 , GMT-0400,Facebook,3654,,https://www.facebook.com/txrebels/posts/1188652037923284
Facebook.com/Txrebels,Heart of Texas,166820,2017-01-01,18:00:00 , GMT-0500,Facebook,3653,,https://www.facebook.com/txrebels/posts/1081142598674229
Facebook.com/Txrebels,Heart of Texas,189458,2017-03-07,18:30:01 , GMT-0500,Facebook,3653,,https://www.facebook.com/txrebels/posts/1151232641665224
Facebook.com/Txrebels,Heart of Texas,158385,2016-12-02,19:00:00 , GMT-0500,Facebook,3643,,https://www.facebook.com/txrebels/posts/1061200360668453
Facebook.com/Txrebels,Heart of Texas,174377,2017-01-29,15:06:00 , GMT-0500,Facebook,3627,,https://www.facebook.com/txrebels/posts/1112082252246930
Facebook.com/Txrebels,Heart of Texas,234260,2017-07-02,18:30:00 , GMT-0400,Facebook,3623,,https://www.facebook.com/txrebels/posts/1270851503036670
Facebook.com/Txrebels,Heart of Texas,233490,2017-06-29,19:30:00 , GMT-0400,Facebook,3622,,https://www.facebook.com/txrebels/posts/1269743236480830
Facebook.com/Txrebels,Heart of Texas,246400,2017-08-10,17:00:00 , GMT-0400,Facebook,3618,,https://www.facebook.com/txrebels/posts/1312843785504108
Facebook.com/Txrebels,Heart of Texas,173373,2017-01-25,15:59:01 , GMT-0500,Facebook,3613,,https://www.facebook.com/txrebels/posts/1112077872247368
Facebook.com/Txrebels,Heart of Texas,249770,2017-08-23,19:30:00 , GMT-0400,Facebook,3604,,https://www.facebook.com/txrebels/posts/1327047857417034
Facebook.com/Txrebels,Heart of Texas,173141,2017-01-24,15:59:01 , GMT-0500,Facebook,3600,,https://www.facebook.com/txrebels/posts/1110827865705702
Facebook.com/Txrebels,Heart of Texas,173588,2017-01-26,19:00:00 , GMT-0500,Facebook,3594,,https://www.facebook.com/txrebels/posts/1113334278788394
Facebook.com/Txrebels,Heart of Texas,239570,2017-07-18,20:00:00 , GMT-0400,Facebook,3591,,https://www.facebook.com/txrebels/posts/1289137381208082
Facebook.com/Txrebels,Heart of Texas,225116,2017-06-12,16:59:00 , GMT-0400,Facebook,3584,,https://www.facebook.com/txrebels/posts/1248371541951333
Facebook.com/Txrebels,Heart of Texas,175396,2017-02-01,17:00:01 , GMT-0500,Facebook,3565,,https://www.facebook.com/txrebels/posts/1120318078090014
Facebook.com/Txrebels,Heart of Texas,164428,2016-12-27,17:30:00 , GMT-0500,Facebook,3558,,https://www.facebook.com/txrebels/posts/1084820038306485
Facebook.com/Txrebels,Heart of Texas,170235,2017-01-12,18:00:00 , GMT-0500,Facebook,3555,,https://www.facebook.com/txrebels/posts/1098383193616836
Facebook.com/Txrebels,Heart of Texas,163299,2016-12-22,15:59:01 , GMT-0500,Facebook,3541,,https://www.facebook.com/txrebels/posts/1080890952032727
Facebook.com/Txrebels,Heart of Texas,223740,2017-06-07,16:34:00 , GMT-0400,Facebook,3540,,https://www.facebook.com/txrebels/posts/1246152815506539
Facebook.com/Txrebels,Heart of Texas,171919,2017-01-18,17:30:00 , GMT-0500,Facebook,3538,,https://www.facebook.com/txrebels/posts/1104072139714608
Facebook.com/Txrebels,Heart of Texas,163007,2016-12-21,15:48:00 , GMT-0500,Facebook,3536,,https://www.facebook.com/txrebels/posts/1080288355426320
Facebook.com/Txrebels,Heart of Texas,172787,2017-01-22,15:59:10 , GMT-0500,Facebook,3535,,https://www.facebook.com/txrebels/posts/1104075866380902
Facebook.com/Txrebels,Heart of Texas,237521,2017-07-13,20:00:00 , GMT-0400,Facebook,3530,,https://www.facebook.com/txrebels/posts/1283707675084386
Facebook.com/Txrebels,Heart of Texas,178061,2017-02-08,18:00:00 , GMT-0500,Facebook,3514,,https://www.facebook.com/txrebels/posts/1127305930724562
Facebook.com/Txrebels,Heart of Texas,168668,2017-01-07,18:00:00 , GMT-0500,Facebook,3509,,https://www.facebook.com/txrebels/posts/1084828641638958
Facebook.com/Txrebels,Heart of Texas,233888,2017-07-01,16:24:00 , GMT-0400,Facebook,3506,,https://www.facebook.com/txrebels/posts/1267429636712190
Facebook.com/Txrebels,Heart of Texas,196759,2017-03-26,20:00:00 , GMT-0400,Facebook,3499,,https://www.facebook.com/txrebels/posts/1167865983335223
Facebook.com/Txrebels,Heart of Texas,192166,2017-03-14,16:59:01 , GMT-0400,Facebook,3496,,https://www.facebook.com/txrebels/posts/1158599134261908
Facebook.com/Txrebels,Heart of Texas,225116,2017-06-12,18:30:00 , GMT-0400,Facebook,3487,,https://www.facebook.com/txrebels/posts/1248376515284169
Facebook.com/Txrebels,Heart of Texas,169055,2017-01-08,18:28:00 , GMT-0500,Facebook,3477,,https://www.facebook.com/txrebels/posts/1084832244971931
Facebook.com/Txrebels,Heart of Texas,236882,2017-07-12,18:40:00 , GMT-0400,Facebook,3458,,https://www.facebook.com/txrebels/posts/1282906631831157
Facebook.com/Txrebels,Heart of Texas,249770,2017-08-23,15:00:00 , GMT-0400,Facebook,3453,,https://www.facebook.com/txrebels/posts/1327027557419064
Facebook.com/Txrebels,Heart of Texas,167106,2017-01-02,18:00:00 , GMT-0500,Facebook,3451,,https://www.facebook.com/txrebels/posts/1080294472092375
Facebook.com/Txrebels,Heart of Texas,248927,2017-08-18,18:30:00 , GMT-0400,Facebook,3450,,https://www.facebook.com/txrebels/posts/1321899684598518
Facebook.com/Txrebels,Heart of Texas,245505,2017-08-07,19:00:00 , GMT-0400,Facebook,3433,,https://www.facebook.com/txrebels/posts/1310209312434222
Facebook.com/Txrebels,Heart of Texas,240598,2017-07-25,14:00:00 , GMT-0400,Facebook,3431,,https://www.facebook.com/txrebels/posts/1296850990436721
Facebook.com/Txrebels,Heart of Texas,185339,2017-02-27,15:00:02 , GMT-0500,Facebook,3426,,https://www.facebook.com/txrebels/posts/1144265562361932
Facebook.com/Txrebels,Heart of Texas,216268,2017-05-06,16:00:00 , GMT-0400,Facebook,3422,,https://www.facebook.com/txrebels/posts/1203128969808924
Facebook.com/Txrebels,Heart of Texas,183745,2017-02-23,15:00:02 , GMT-0500,Facebook,3412,,https://www.facebook.com/txrebels/posts/1138882489566906
Facebook.com/Txrebels,Heart of Texas,166820,2016-12-31,19:00:00 , GMT-0500,Facebook,3412,,https://www.facebook.com/txrebels/posts/1084825151639307
Facebook.com/Txrebels,Heart of Texas,213056,2017-04-24,18:58:00 , GMT-0400,Facebook,3410,,https://www.facebook.com/txrebels/posts/1204009329720888
Facebook.com/Txrebels,Heart of Texas,249261,2017-08-20,20:00:00 , GMT-0400,Facebook,3408,,https://www.facebook.com/txrebels/posts/1321888791266274
Facebook.com/Txrebels,Heart of Texas,190420,2017-03-08,19:00:14 , GMT-0500,Facebook,3407,,https://www.facebook.com/txrebels/posts/1151237731664715
Facebook.com/Txrebels,Heart of Texas,220906,2017-05-22,16:21:00 , GMT-0400,Facebook,3401,,https://www.facebook.com/txrebels/posts/1229355273852960
Facebook.com/Txrebels,Heart of Texas,211203,2017-04-19,18:30:00 , GMT-0400,Facebook,3398,,https://www.facebook.com/txrebels/posts/1198123980309423
Facebook.com/Txrebels,Heart of Texas,219647,2017-05-17,18:28:00 , GMT-0400,Facebook,3391,,https://www.facebook.com/txrebels/posts/1224874527634368
Facebook.com/Txrebels,Heart of Texas,237521,2017-07-14,16:02:00 , GMT-0400,Facebook,3388,,https://www.facebook.com/txrebels/posts/1285040268284460
Facebook.com/Txrebels,Heart of Texas,200519,2017-04-02,20:02:00 , GMT-0400,Facebook,3386,,https://www.facebook.com/txrebels/posts/1173081479480340
Facebook.com/Txrebels,Heart of Texas,171023,2017-01-14,8:59:01 , GMT-0500,Facebook,3386,,https://www.facebook.com/txrebels/posts/1099193703535785
Facebook.com/Txrebels,Heart of Texas,245850,2017-08-08,16:00:00 , GMT-0400,Facebook,3366,,https://www.facebook.com/txrebels/posts/1311141482341005
Facebook.com/Txrebels,Heart of Texas,202767,2017-04-12,16:30:01 , GMT-0400,Facebook,3350,,https://www.facebook.com/txrebels/posts/1189895954465559
Facebook.com/Txrebels,Heart of Texas,162279,2016-12-19,14:08:00 , GMT-0500,Facebook,3345,,https://www.facebook.com/txrebels/posts/1078608762260946
Facebook.com/Txrebels,Heart of Texas,162646,2016-12-20,15:52:00 , GMT-0500,Facebook,3338,,https://www.facebook.com/txrebels/posts/1079439552177867
Facebook.com/Txrebels,Heart of Texas,247358,2017-08-13,20:00:00 , GMT-0400,Facebook,3335,,https://www.facebook.com/txrebels/posts/1314034032051750
Facebook.com/Txrebels,Heart of Texas,200009,2017-03-31,16:55:00 , GMT-0400,Facebook,3329,,https://www.facebook.com/txrebels/posts/1173074129481075
Facebook.com/Txrebels,Heart of Texas,216631,2017-05-07,19:04:00 , GMT-0400,Facebook,3323,,https://www.facebook.com/txrebels/posts/1203149556473532
Facebook.com/Txrebels,Heart of Texas,169397,2017-01-09,15:59:00 , GMT-0500,Facebook,3320,,https://www.facebook.com/txrebels/posts/1095723913882764
Facebook.com/Txrebels,Heart of Texas,192820,2017-03-17,19:30:00 , GMT-0400,Facebook,3316,,https://www.facebook.com/txrebels/posts/1161190274002794
Facebook.com/Txrebels,Heart of Texas,210500,2017-04-17,16:00:00 , GMT-0400,Facebook,3310,,https://www.facebook.com/txrebels/posts/1195827930539028
Facebook.com/Txrebels,Heart of Texas,188621,2017-03-05,17:00:00 , GMT-0500,Facebook,3309,,https://www.facebook.com/txrebels/posts/1146910095430812
Facebook.com/Txrebels,Heart of Texas,235294,2017-07-08,19:30:00 , GMT-0400,Facebook,3307,,https://www.facebook.com/txrebels/posts/1274944699294017
Facebook.com/Txrebels,Heart of Texas,211203,2017-04-19,20:00:00 , GMT-0400,Facebook,3298,,https://www.facebook.com/txrebels/posts/1198125330309288
Facebook.com/Txrebels,Heart of Texas,200283,2017-04-01,15:58:00 , GMT-0400,Facebook,3293,,https://www.facebook.com/txrebels/posts/1173077569480731
Facebook.com/Txrebels,Heart of Texas,175396,2017-01-31,18:30:00 , GMT-0500,Facebook,3289,,https://www.facebook.com/txrebels/posts/1117909211664234
Facebook.com/Txrebels,Heart of Texas,174651,2017-01-30,18:13:00 , GMT-0500,Facebook,3278,,https://www.facebook.com/txrebels/posts/1117911081664047
Facebook.com/Txrebels,Heart of Texas,193055,2017-03-18,16:57:01 , GMT-0400,Facebook,3270,,https://www.facebook.com/txrebels/posts/1157614237693731
Facebook.com/Txrebels,Heart of Texas,159148,2016-12-06,10:00:00 , GMT-0500,Facebook,3263,,https://www.facebook.com/txrebels/posts/1065334100255079
Facebook.com/Txrebels,Heart of Texas,243663,2017-07-31,12:00:00 , GMT-0400,Facebook,3253,,https://www.facebook.com/txrebels/posts/1303329563122197
Facebook.com/Txrebels,Heart of Texas,242468,2017-07-29,19:30:00 , GMT-0400,Facebook,3253,,https://www.facebook.com/txrebels/posts/1301390129982807
Facebook.com/Txrebels,Heart of Texas,163826,2016-12-24,18:30:00 , GMT-0500,Facebook,3249,,https://www.facebook.com/txrebels/posts/1079441728844316
Facebook.com/Txrebels,Heart of Texas,234858,2017-07-06,18:00:00 , GMT-0400,Facebook,3247,,https://www.facebook.com/txrebels/posts/1274936922628128
Facebook.com/Txrebels,Heart of Texas,163522,2016-12-23,17:30:00 , GMT-0500,Facebook,3241,,https://www.facebook.com/txrebels/posts/1081751445280011
Facebook.com/Txrebels,Heart of Texas,164814,2016-12-28,18:00:00 , GMT-0500,Facebook,3230,,https://www.facebook.com/txrebels/posts/1085633148225174
Facebook.com/Txrebels,Heart of Texas,219114,2017-05-14,19:05:00 , GMT-0400,Facebook,3216,,https://www.facebook.com/txrebels/posts/1220443474744140
Facebook.com/Txrebels,Heart of Texas,181187,2017-02-16,17:00:03 , GMT-0500,Facebook,3206,,https://www.facebook.com/txrebels/posts/1134062006715621
Facebook.com/Txrebels,Heart of Texas,193568,2017-03-20,19:00:42 , GMT-0400,Facebook,3204,,https://www.facebook.com/txrebels/posts/1163870073734814
Facebook.com/Txrebels,Heart of Texas,210500,2017-04-17,9:58:16 , GMT-0400,Facebook,3202,,https://www.facebook.com/txrebels/posts/1195746777213810
Facebook.com/Txrebels,Heart of Texas,200009,2017-03-31,18:57:00 , GMT-0400,Facebook,3195,,https://www.facebook.com/txrebels/posts/1173077086147446
Facebook.com/Txrebels,Heart of Texas,225116,2017-06-12,19:00:00 , GMT-0400,Facebook,3188,,https://www.facebook.com/txrebels/posts/1248378391950648
Facebook.com/Txrebels,Heart of Texas,217099,2017-05-08,19:05:00 , GMT-0400,Facebook,3182,,https://www.facebook.com/txrebels/posts/1203149973140157
Facebook.com/Txrebels,Heart of Texas,225116,2017-06-12,19:30:00 , GMT-0400,Facebook,3180,,https://www.facebook.com/txrebels/posts/1248379708617183
Facebook.com/Txrebels,Heart of Texas,217099,2017-05-08,18:00:45 , GMT-0400,Facebook,3179,,https://www.facebook.com/txrebels/posts/1203143189807502
Facebook.com/Txrebels,Heart of Texas,239570,2017-07-19,19:00:00 , GMT-0400,Facebook,3172,,https://www.facebook.com/txrebels/posts/1290148601106960
Facebook.com/Txrebels,Heart of Texas,197903,2017-03-27,10:00:00 , GMT-0400,Facebook,3171,,https://www.facebook.com/txrebels/posts/1170658689722619
Facebook.com/Txrebels,Heart of Texas,240491,2017-07-24,18:00:00 , GMT-0400,Facebook,3162,,https://www.facebook.com/txrebels/posts/1295513077237179
Facebook.com/Txrebels,Heart of Texas,170660,2017-01-13,18:30:01 , GMT-0500,Facebook,3158,,https://www.facebook.com/txrebels/posts/1099307133524442
Facebook.com/Txrebels,Heart of Texas,180581,2017-02-14,15:00:01 , GMT-0500,Facebook,3156,,https://www.facebook.com/txrebels/posts/1132248200230335
Facebook.com/Txrebels,Heart of Texas,158557,2016-12-03,18:00:00 , GMT-0500,Facebook,3156,,https://www.facebook.com/txrebels/posts/1061205657334590
Facebook.com/Txrebels,Heart of Texas,169397,2017-01-09,18:07:00 , GMT-0500,Facebook,3144,,https://www.facebook.com/txrebels/posts/1095724780549344
Facebook.com/Txrebels,Heart of Texas,189051,2017-03-06,18:00:00 , GMT-0500,Facebook,3136,,https://www.facebook.com/txrebels/posts/1150333088421846
Facebook.com/Txrebels,Heart of Texas,231749,2017-06-21,16:00:00 , GMT-0400,Facebook,3136,,https://www.facebook.com/txrebels/posts/1261486817306472
Facebook.com/Txrebels,Heart of Texas,193310,2017-03-19,20:00:00 , GMT-0400,Facebook,3135,,https://www.facebook.com/txrebels/posts/1161201520668336
Facebook.com/Txrebels,Heart of Texas,215610,2017-05-03,19:00:00 , GMT-0400,Facebook,3134,,https://www.facebook.com/txrebels/posts/1203146213140533
Facebook.com/Txrebels,Heart of Texas,236610,2017-07-11,19:02:00 , GMT-0400,Facebook,3133,,https://www.facebook.com/txrebels/posts/1281924931929327
Facebook.com/Txrebels,Heart of Texas,202154,2017-04-10,18:00:00 , GMT-0400,Facebook,3128,,https://www.facebook.com/txrebels/posts/1187311261390695
Facebook.com/Txrebels,Heart of Texas,160428,2016-12-13,15:59:00 , GMT-0500,Facebook,3117,,https://www.facebook.com/txrebels/posts/1072902202831602
Facebook.com/Txrebels,Heart of Texas,191401,2017-03-11,19:00:00 , GMT-0500,Facebook,3117,,https://www.facebook.com/txrebels/posts/1151240901664398
Facebook.com/Txrebels,Heart of Texas,158944,2016-12-05,11:00:01 , GMT-0500,Facebook,3113,,https://www.facebook.com/txrebels/posts/1064170127038143
Facebook.com/Txrebels,Heart of Texas,224320,2017-06-11,18:00:00 , GMT-0400,Facebook,3113,,https://www.facebook.com/txrebels/posts/1248367651951722
Facebook.com/Txrebels,Heart of Texas,164814,2016-12-28,18:31:00 , GMT-0500,Facebook,3110,,https://www.facebook.com/txrebels/posts/1085633328225156
Facebook.com/Txrebels,Heart of Texas,225723,2017-06-14,18:02:00 , GMT-0400,Facebook,3107,,https://www.facebook.com/txrebels/posts/1254079658047188
Facebook.com/Txrebels,Heart of Texas,204064,2017-04-13,16:59:00 , GMT-0400,Facebook,3105,,https://www.facebook.com/txrebels/posts/1191170551004766
Facebook.com/Txrebels,Heart of Texas,189051,2017-03-06,19:00:00 , GMT-0500,Facebook,3097,,https://www.facebook.com/txrebels/posts/1150333691755119
Facebook.com/Txrebels,Heart of Texas,220136,2017-05-20,19:00:00 , GMT-0400,Facebook,3089,,https://www.facebook.com/txrebels/posts/1226804294108058
Facebook.com/Txrebels,Heart of Texas,236882,2017-07-12,16:10:00 , GMT-0400,Facebook,3088,,https://www.facebook.com/txrebels/posts/1282906241831196
Facebook.com/Txrebels,Heart of Texas,166820,2017-01-01,19:00:00 , GMT-0500,Facebook,3087,,https://www.facebook.com/txrebels/posts/1081144138674075
Facebook.com/Txrebels,Heart of Texas,239570,2017-07-18,22:00:00 , GMT-0400,Facebook,3082,,https://www.facebook.com/txrebels/posts/1289141037874383
Facebook.com/Txrebels,Heart of Texas,163522,2016-12-23,14:59:00 , GMT-0500,Facebook,3077,,https://www.facebook.com/txrebels/posts/1081144835340672
Facebook.com/Txrebels,Heart of Texas,188141,2017-03-04,9:10:00 , GMT-0500,Facebook,3076,,https://www.facebook.com/txrebels/posts/1147630332025455
Facebook.com/Txrebels,Heart of Texas,215476,2017-05-02,16:00:00 , GMT-0400,Facebook,3075,,https://www.facebook.com/txrebels/posts/1203127279809093
Facebook.com/Txrebels,Heart of Texas,233349,2017-06-28,16:00:00 , GMT-0400,Facebook,3070,,https://www.facebook.com/txrebels/posts/1267427586712395
Facebook.com/Txrebels,Heart of Texas,199696,2017-03-30,20:20:04 , GMT-0400,Facebook,3066,,https://www.facebook.com/txrebels/posts/1174011159387372
Facebook.com/Txrebels,Heart of Texas,236308,2017-07-10,16:59:00 , GMT-0400,Facebook,3051,,https://www.facebook.com/txrebels/posts/1280886352033185
Facebook.com/Txrebels,Heart of Texas,198622,2017-03-28,16:59:00 , GMT-0400,Facebook,3050,,https://www.facebook.com/txrebels/posts/1171920912929730
Facebook.com/Txrebels,Heart of Texas,219114,2017-05-14,20:09:00 , GMT-0400,Facebook,3047,,https://www.facebook.com/txrebels/posts/1220446568077164
Facebook.com/Txrebels,Heart of Texas,180581,2017-02-14,19:00:02 , GMT-0500,Facebook,3027,,https://www.facebook.com/txrebels/posts/1132261196895702
Facebook.com/Txrebels,Heart of Texas,244071,2017-08-01,14:00:00 , GMT-0400,Facebook,3018,,https://www.facebook.com/txrebels/posts/1304270443028109
Facebook.com/Txrebels,Heart of Texas,168668,2017-01-07,18:30:01 , GMT-0500,Facebook,3011,,https://www.facebook.com/txrebels/posts/1084829041638918
Facebook.com/Txrebels,Heart of Texas,234858,2017-07-06,16:06:00 , GMT-0400,Facebook,3006,,https://www.facebook.com/txrebels/posts/1274936302628190
Facebook.com/Txrebels,Heart of Texas,170660,2017-01-13,17:00:00 , GMT-0500,Facebook,2999,,https://www.facebook.com/txrebels/posts/1099305853524570
Facebook.com/Txrebels,Heart of Texas,239318,2017-07-18,16:00:00 , GMT-0400,Facebook,2983,,https://www.facebook.com/txrebels/posts/1288918404563313
Facebook.com/Txrebels,Heart of Texas,163299,2016-12-22,17:00:00 , GMT-0500,Facebook,2980,,https://www.facebook.com/txrebels/posts/1080891028699386
Facebook.com/Txrebels,Heart of Texas,249618,2017-08-22,19:00:00 , GMT-0400,Facebook,2977,,https://www.facebook.com/txrebels/posts/1326102224178264
Facebook.com/Txrebels,Heart of Texas,165337,2016-12-29,17:30:00 , GMT-0500,Facebook,2975,,https://www.facebook.com/txrebels/posts/1086229654832190
Facebook.com/Txrebels,Heart of Texas,188141,2017-03-04,18:59:42 , GMT-0500,Facebook,2963,,https://www.facebook.com/txrebels/posts/1145208722267616
Facebook.com/Txrebels,Heart of Texas,227477,2017-06-16,18:28:00 , GMT-0400,Facebook,2963,,https://www.facebook.com/txrebels/posts/1256346221153865
Facebook.com/Txrebels,Heart of Texas,243150,2017-07-30,19:30:00 , GMT-0400,Facebook,2953,,https://www.facebook.com/txrebels/posts/1301392743315879
Facebook.com/Txrebels,Heart of Texas,192608,2017-03-16,20:00:00 , GMT-0400,Facebook,2901,,https://www.facebook.com/txrebels/posts/1160338507421304
Facebook.com/Txrebels,Heart of Texas,183745,2017-02-23,9:00:01 , GMT-0500,Facebook,2896,,https://www.facebook.com/txrebels/posts/1138782082910280
Facebook.com/Txrebels,Heart of Texas,187507,2017-03-03,18:30:00 , GMT-0500,Facebook,2869,,https://www.facebook.com/txrebels/posts/1147665928688562
Facebook.com/Txrebels,Heart of Texas,225270,2017-06-13,16:00:00 , GMT-0400,Facebook,2819,,https://www.facebook.com/txrebels/posts/1252950518160102
Facebook.com/Txrebels,Heart of Texas,224320,2017-06-10,19:00:00 , GMT-0400,Facebook,2812,,https://www.facebook.com/txrebels/posts/1248365401951947
Facebook.com/Txrebels,Heart of Texas,213608,2017-04-25,20:31:20 , GMT-0400,Facebook,2795,,https://www.facebook.com/txrebels/posts/1205246059597215
Facebook.com/Txrebels,Heart of Texas,170660,2017-01-13,8:58:01 , GMT-0500,Facebook,2791,,https://www.facebook.com/txrebels/posts/1099193580202464
Facebook.com/Txrebels,Heart of Texas,219951,2017-05-19,18:00:00 , GMT-0400,Facebook,2755,,https://www.facebook.com/txrebels/posts/1226792957442525
Facebook.com/Txrebels,Heart of Texas,158944,2016-12-05,15:00:00 , GMT-0500,Facebook,2744,,https://www.facebook.com/txrebels/posts/1064171520371337
Facebook.com/Txrebels,Heart of Texas,245850,2017-08-08,16:30:00 , GMT-0400,Facebook,2716,,https://www.facebook.com/txrebels/posts/1311141812340972
Facebook.com/Txrebels,Heart of Texas,220136,2017-05-19,20:50:00 , GMT-0400,Facebook,2673,,https://www.facebook.com/txrebels/posts/1226803610774793
Facebook.com/Txrebels,Heart of Texas,196759,2017-03-26,18:00:00 , GMT-0400,Facebook,2569,,https://www.facebook.com/txrebels/posts/1167569916698163
